"2017-09-28T23:58:14Z","none","$MU $AAPL $BAC $FB $TSLA $BBRY $GILD $UNIT $AMZN $RAD $JD $NVDA $BABA $GE $DHX $C $T $AMD - 9/28 Most active options"
"2017-09-28T23:52:54Z","none","Why the Next Generation Won&#39;t Get Drivers Licenses, and How to Trade $TSLA with Options https://chc.li/2xDMjx5"
"2017-09-28T23:52:38Z","Bullish","$TSLA SOMETHING REALLY SPECIAL!"
"2017-09-28T23:51:49Z","Bullish","$TSLA Musk to make big announcement tonight https://twitter.com/elonmusk/status/913547943646580737"
"2017-09-28T23:51:13Z","Bearish","$TSLA I really thought the market finally understood how fraudulent Elon is...I really did...and somehow...it gets pumped after hours..."
"2017-09-28T23:47:14Z","Bearish","@mjalkhoury WHAT DOES THIS HAVE TO DO WITH $TSLA...WHAT THE FK DOES THIS HAVE TO DO WITH ANYTHING RELATING TO MAKING A FKN PROFIT?"
"2017-09-28T23:45:37Z","Bullish","$TSLA  Announcement Coming tonight don&#39;t miss it! üëáüòé"
"2017-09-28T23:34:26Z","none","@DalLiam @baystreetbeat13 we&#39;ve all been there lesson: don&#39;t short $tsla"
"2017-09-28T23:33:08Z","none","$TSLA Going up in the morning to kill put premium."
"2017-09-28T23:23:20Z","Bearish","$TSLA Model 3 ahead of schedule? Again, they wanted 100 last month and got 75 instead so I doubt it but maybe this time it&#39;s different."
"2017-09-28T23:23:18Z","Bearish","$TSLA judging by the post market pump job by manipulating aholes...prob open at 344 tomorrow...absolutely diagusting"
"2017-09-28T23:20:25Z","none","$TSLA Killed 3 bears, one of them can&#39;t find the door from tesla, another one just get out from kindergarten, 3d blame his lose on Tsla fan"
"2017-09-28T23:10:56Z","none","@Parkar That said, $NVDA has a long history of pissing off partners, I wouldn&#39;t be surprised if $TSLA dropped them. Not at all."
"2017-09-28T23:09:31Z","Bullish","$TSLA Teslarati again saying the model 3 is ahead of schedule.  They have been right on the past about these &quot;rumors&quot;"
"2017-09-28T23:08:50Z","Bullish","$TSLA through thick and thin üöÄ#inelonwetrust @ElonMusk"
"2017-09-28T23:08:39Z","none","$TSLA has confirmed this detailed explained plan ,plus I posted the confirmation today on my stream   $STUDY  https://youtu.be/-NxOCii7wH0"
"2017-09-28T23:07:07Z","Bullish","Is FKN last name of DalLiam. BTW he joined ST today.Go $TSLA"
"2017-09-28T23:05:27Z","Bearish","$TSLA AVSOLUTELY UNACCEPTABLE BEHAVIOUR OUT OF U FKN PUMPING FANTARDS...I REALLY DONT UNDERSTAND."
"2017-09-28T23:00:19Z","none","$TSLA  Enter and exit with confidence. If you can&#39;t handle it long or short, put or call, get out of here."
"2017-09-28T22:52:07Z","Bullish","$TSLA long tomorrow"
"2017-09-28T22:49:10Z","none","$TSLA $GBTC covered tesla shorts today...https://youtu.be/R0oboHezIjM"
"2017-09-28T22:44:19Z","none","Here‚Äôs what 176 Estimize analysts believe $TSLA will report for Q3 2017 EPS [Reporting 10/25 AMC]
http://www.estimize.com/intro/tsla?utm_content=TSLA&amp;amp;utm_medium=eps_update&amp;amp;utm_source=stocktwits#chart=historical"
"2017-09-28T22:44:04Z","Bearish","$TSLA WELP LOOKS LIKE ANOTHER FKN PUMP JOB ONCE AGAIN TOMORROW.. CANT FKN WIN..."
"2017-09-28T22:39:45Z","none","$TSLA exactly ü§ô"
"2017-09-28T22:38:45Z","none","$MCD French fries, can of $KO and a nice ride $TSLA .

*got the first 2. The ride still missing"
"2017-09-28T22:37:35Z","none","$TSLA so instead of sending generators or food, they send solar panels for next hurricane."
"2017-09-28T22:28:05Z","Bearish","$TSLA wtf are we doing after hours...seriously?  Like wtf are we doing...THIS FKN POS CANT TRADE THIS HIGH.."
"2017-09-28T22:23:35Z","none","Free video with setups for Sep 27 &quot;If This Happens&quot; $BBRY $WYNN $SODA $C $HD $TSLA  https://www.learnstocks101.com/stock-market-analysis/2017/09/if-happens"
"2017-09-28T22:20:38Z","Bearish","$TSLA Vilas Capital - Tesla is overhyped lousy company destined for bankruptcy: https://investoralmanac.com/2017/05/21/tesla-over-hyped-lousy-company-destined-for-bankruptcy-vilas-capital/"
"2017-09-28T22:20:23Z","Bearish","@InvasiveZero nothing is certain. But it is dump Friday. Last Friday $TSLA got demolished"
"2017-09-28T22:19:42Z","Bearish","$TSLA Great summary read of David Einhorn&#39;s short thesis for Tesla (bubble basket): https://investoralmanac.com/2017/07/19/greenlight-capital-2q17-letter-bubble-basket-is-frustrating-amazon-netflix-tesla-athenahealth/"
"2017-09-28T22:16:06Z","Bullish","$TSLA nice to see Tesla helping out Puerto Rico. Micro grids less vulnerable."
"2017-09-28T22:15:43Z","Bearish","$TSLA buy some 330 puts in the morning, they&#39;ll be worth the ride"
"2017-09-28T22:15:30Z","none","$TSLA Thanks to firms like $LMT with REAL engineers designing viable way to get Mars. Innovation! Genius! Lockheed! https://www.cnbc.com/2017/09/28/lockheed-martin-unveils-fully-reusable-crewed-martian-lander.html"
"2017-09-28T22:11:28Z","none","$tsla $Gbtc tsla &amp; BTC video, covered tesla today  https://youtu.be/R0oboHezIjM"
"2017-09-28T22:07:48Z","Bullish","$TSLA look at this POS .. talks about profit to justify his short position with millions of loss"
"2017-09-28T22:06:26Z","Bullish","$TSLA tomorrow we will see this close around 350. No if ands or bear butts!"
"2017-09-28T21:57:52Z","Bullish","$TSLA $385 next week"
"2017-09-28T21:57:13Z","none","@optguru $TSLA thanks it is think or swim"
"2017-09-28T21:46:49Z","Bullish","$TSLA I&#39;d like to see a gap up tomorrow for more confirmation of a reversal."
"2017-09-28T21:46:39Z","Bullish","$AMD lots of articles coming out about $TSLA and AMD"
"2017-09-28T21:37:33Z","Bearish","$TSLA Please try and defend this fanboys...please"
"2017-09-28T21:36:53Z","none","$TSLA This is the all-time stock chart #prespective"
"2017-09-28T21:25:31Z","Bearish","$TSLA ANDDDD MIC DROP... BOOM DEFEND THAT FANTARDS... Chanos Says Tesla Is &#39;Structurally Unprofitable&#39; https://www.bloomberg.com/news/videos/2017-09-28/chanos-says-tesla-is-structurally-unprofitable-video"
"2017-09-28T21:17:51Z","none","$TSLA monthly chart looks like a doji maybe things are going to change, bullishüòì"
"2017-09-28T21:14:54Z","none","$TSLA could see 320 pretty easily, gap fill there and price action from earlier this year."
"2017-09-28T21:14:46Z","Bullish","$TSLA btfd long 10/6 350 C @ 4.0"
"2017-09-28T21:08:01Z","Bullish","$TSLA im impressed.  never hit my sell signal today. guess i&#39;m still long"
"2017-09-28T21:06:04Z","Bullish","$TSLA October 25th and 26th 100 dollar plus gain.  You don&#39;t short creative genius."
"2017-09-28T21:02:27Z","Bullish","$TSLA just like Bezos Elon is trying to create value. It‚Äôs working. They are now the most valuable green energy company in the world."
"2017-09-28T21:01:08Z","none","$TSLA 
http://www.barrons.com/articles/all-auto-makers-had-self-driving-electric-cars-at-frankfurt-motor-show-1506616617"
"2017-09-28T20:58:14Z","none","$TSLA in trouble breaking trend line"
"2017-09-28T20:57:01Z","Bullish","$TSLA shorts have lost more money betting against Tesla than any other stock in the last 5 years. Keep it coming dumbasses."
"2017-09-28T20:56:14Z","Bullish","$TSLA with trump in the White House Elon‚Äôs our best bet at avoiding catastrophic permanent damage to our planet and keeping America relevant"
"2017-09-28T20:55:11Z","Bullish","$TSLA I‚Äôll see you haters and fools at a trillion dollar market capp. Why would you bet against a new American green energy company?"
"2017-09-28T20:55:01Z","none","$TSLA chanos reiterates cautious stance afterhours lol that should be the bottom tomorrow of this pull back they al tryin to pile on"
"2017-09-28T20:54:39Z","Bearish","$TSLA whats not to dislike about this stock.  Its a giant bearish ABCD for a car no one drives."
"2017-09-28T20:53:46Z","Bullish","$TSLA I‚Äôve been bullish since $17 a share and continue to be at $386. I‚Äôve been driving one for 4.5 years now bought with profits."
"2017-09-28T20:52:46Z","Bullish","$TSLA short term profits on this volume of cars would be peanuts compared to the value he will create. So many fools on this board."
"2017-09-28T20:52:11Z","Bearish","$TSLA Model X to be recall because doors mysteriously open."
"2017-09-28T20:51:43Z","Bullish","$TSLA He‚Äôs using all the money he can from investors and debt to get as many electric cars on the road as soon as possible."
"2017-09-28T20:51:07Z","Bullish","$TSLA all this talk about profit totally misses the point. Elon‚Äôs not trying to make a profit. He‚Äôs trying to save the world."
"2017-09-28T20:50:10Z","none","$TSLA ANOS still pumping his horrible short in Tsla. How much does that troll pay CNBC to tout his sh$t calls?"
"2017-09-28T20:47:20Z","Bearish","$TSLA Any fan-tards and pump-tards buy Tesla stock today because huckster Musk is talking about Mars rockets tonight? Bet you did."
"2017-09-28T20:46:49Z","none","$TSLA another war for oil is about to begin.
http://www.huffingtonpost.com/entry/kurdish-referendum-iraq_us_59cd33d5e4b0f18c4e3ce16e?cmj"
"2017-09-28T20:42:53Z","Bullish","$TSLA ‚Üë"
"2017-09-28T20:34:00Z","Bearish","$TSLA another close below 345. 320 is coming ."
"2017-09-28T20:33:24Z","Bullish","$TSLA Looking good today!"
"2017-09-28T20:30:42Z","Bullish","$TSLA   Muskrats nibble away. Bulls on our way back to the top.  $400  Jump in now !"
"2017-09-28T20:30:39Z","none","$PLUG Uuuuh wha? $TSLA does burnouts on $PLUGs face. Smells like a musky marsh. I wish I could recoup what I&#39;ve lost do to na√Øvet√©."
"2017-09-28T20:29:50Z","Bearish","$TSLA Was there any NEWS for short-lived Bounce at 4pm?"
"2017-09-28T20:26:53Z","Bullish","Looks like $TSLA is a nice swing trade. TP1: 368 and TP2: 382."
"2017-09-28T20:21:38Z","none","$TSLA 1$ up in AH ü§î"
"2017-09-28T20:16:07Z","none","HOT!! Ideas w/NakedPut Screener $AAPL $SPY $VXX $NFLX $TWTR $CVNA $AAOI $CARA $KERX $GSAT $RAD $FOLD $MSFT $GM $TSLA https://marketchameleon.com/Screeners/NakedPuts"
"2017-09-28T20:14:42Z","Bullish","$PLUG this new etf may stay even while $TSLA and you know who trade places"
"2017-09-28T20:07:11Z","Bullish","$TSLA $1,000 soon"
"2017-09-28T20:05:59Z","none","$TSLA Goodnight Folks! See y&#39;all tomorrow"
"2017-09-28T20:04:24Z","none","$TSLA Reversal?"
"2017-09-28T20:02:40Z","none","$TSLA üòè$338 SUPPORT held finally got one positive sign. let&#39;s see what happens tomorrow $SPY"
"2017-09-28T20:02:39Z","Bearish","$TSLA see you at 330 Tommrow end 3q sell"
"2017-09-28T20:01:33Z","none","$TSLA nice close today ramp up into tomorrow"
"2017-09-28T20:00:08Z","Bullish","$TSLA Don&#39;t forget, the potential of this little company called TESLA"
"2017-09-28T19:56:33Z","none","$TSLA holding stock for weekend target 355$."
"2017-09-28T19:56:11Z","none","$TSLA Let&#39;s paint the grass GREEN... go go go ... I might be on the BoD of $ECS. CA...!! It&#39;s a momentous day!"
"2017-09-28T19:56:02Z","Bullish","$TSLA we&#39;re at or very close to bottom. Tesla ain&#39;t going away, too big to fail. Will print $1,000"
"2017-09-28T19:55:57Z","none","$TSLA Delivery miss Q3 you TSLA would be at $250 in couple of days and then Revenue miss it is going to be $200"
"2017-09-28T19:55:53Z","none","$TSLA It needs to close a minimum of 338 today an an interim-long term support is formed! Tomorrow-Wednesday will give confirmation! GLTA"
"2017-09-28T19:55:01Z","Bullish","$TSLA THE BULLS ARE IN THE HOUSE!!! 

Cover dumshorts"
"2017-09-28T19:53:18Z","Bullish","$TSLA A friend told me he is waiting to enter at 200. Is that on the table? I was hoping to see 385 passed by middle of next month."
"2017-09-28T19:53:17Z","none","Electric = Scam? https://buff.ly/2wziBHw  $TSLA"
"2017-09-28T19:52:50Z","Bullish","$TSLA gaping tomorrow $5+"
"2017-09-28T19:52:47Z","none","$TSLA IV spiked for next week (delivery numbers)...STO a few cash secured 322.50 puts expiring Oct 06."
"2017-09-28T19:52:44Z","Bullish","$TSLA I placed my bets today, biggest buys I did in TSLA were today avg $337 price for stocks and Jan 2018 400 strike calls"
"2017-09-28T19:52:03Z","none","$TSLA nothing but 400 next week"
"2017-09-28T19:51:53Z","Bullish","$TSLA Oct will be a month you shall never forget shorts ... a month to remember! üòâüëç"
"2017-09-28T19:50:54Z","none","$TSLA nothing but a SELL"
"2017-09-28T19:50:19Z","Bullish","$TSLA"
"2017-09-28T19:49:45Z","Bullish","$TSLA I have never seen this negative 8 sessions in a row!"
"2017-09-28T19:47:36Z","none","Loving our current positions. Added some $HD -- $TSLA $GOOG"
"2017-09-28T19:47:28Z","Bullish","$TSLA If everything goes well, expect a $10-15 pop tomorrow and a $30 pop between Monday-Wednesday on any good news from deliveries"
"2017-09-28T19:45:58Z","none","$TSLA Yeah, shock us all with how heavy the losses are.... gonna be billions in red ink"
"2017-09-28T19:45:02Z","none","$TSLA I think Tesla is going to surprise a lot of people tom with delivery numbers and then moving forward I think going to shock the world"
"2017-09-28T19:43:45Z","none","$TSLA Q3 window dressing fund returns.  BTD"
"2017-09-28T19:41:45Z","none","$TSLA Bullish long term, bearish short term. Buyer at $330."
"2017-09-28T19:40:29Z","none","$TSLA pump then dump tomorrow before weekend and delivery numbers announcement."
"2017-09-28T19:38:50Z","Bullish","$TSLA $aapl $nflx $nvda calls on all beaten tech for tomorrow"
"2017-09-28T19:38:28Z","Bullish","$TSLA perfect entry points ..just added shares...will open green tomorrow and will close green.."
"2017-09-28T19:38:14Z","Bullish","$TSLA Overdone shorts! Tomorrow close between 343-354"
"2017-09-28T19:34:32Z","none","the news with $ABT is nowhere near significant enough to slash $DXCM by 1.2B in value. Just like $AMD and $TSLA last week, stretched news!"
"2017-09-28T19:34:18Z","none","The AI Market: Who Are You Betting On? https://buff.ly/2jBAq7o   

$NVDA $AMZN $AAPL $TSLA $FB $GOOG"
"2017-09-28T19:29:43Z","none","$TSLA 200&#39;s definitely in play"
"2017-09-28T19:28:56Z","Bearish","$TSLA all these lower lows. Just flush already lol"
"2017-09-28T19:28:53Z","Bullish","$TSLA  Dumshort Analysts justifying their short positionby comingout all together in full force with negative comnts"
"2017-09-28T19:28:45Z","none","Search for Buy Writes for FUn &amp; Yield $VXX $TSLA $TWTR $JUNO $XOM $APPL $S $C $GS $RAD $ATVI $BTU $SVXY $CARA $KERX https://marketchameleon.com/volReports/optionbuywrite"
"2017-09-28T19:26:26Z","Bullish","$TSLA better pray those oil subsidies don&#39;t go away.  They are... it&#39;s a worldwide thing btw"
"2017-09-28T19:26:25Z","none","$TSLA wow it seems today is the end of 8 days of red candles!"
"2017-09-28T19:23:36Z","none","$TSLA here it comes...."
"2017-09-28T19:22:46Z","Bullish","$TSLA short covering.."
"2017-09-28T19:22:35Z","none","$TSLA Let&#39;s see if the algos close near $338 #TSLA"
"2017-09-28T19:22:18Z","Bullish","$TSLA $AAPL what if trump and the republicans actually do pass tax reform, or repatriation holiday.  Seems like market doesn&#39;t believe it."
"2017-09-28T19:20:47Z","Bearish","$TSLA let&#39;s face it, w/o govt teet to suck on, and what, THREE bond sales to raise MORE cash to incinerate? This POS would be BK already."
"2017-09-28T19:18:08Z","none","$TSLA yes"
"2017-09-28T19:16:05Z","none","$TSLA Not making this manipulation stuff up - ALGOs on the bid and ask Hit $340 then algos intercepted to push price back down. $SPY"
"2017-09-28T19:15:17Z","none","$TSLA will it DIP to the 280s??"
"2017-09-28T19:10:48Z","Bearish","$TSLA Note the propensity for spec companies with no profits to attract those who put and call and lose."
"2017-09-28T19:09:17Z","Bearish","$TSLA WOW. DOWN 50 bucks in just a few weeks. Bleeding badly. Word is out on this scam stock and the fraudulent lying mgmt team at Tesla."
"2017-09-28T19:08:06Z","none","$TSLA power hour?"
"2017-09-28T19:00:20Z","none","$QQQ $AAPL $GOOGL $TSLA etc... Is it possible &#39;they&#39; let this go &#39;DIP&#39; into the close to sell more &#39;insurance&#39; (PUTS)?! tomorrow up though"
"2017-09-28T18:59:03Z","none","how is the sentiment in $TSLA? Should I buy or should I sell? I dont have any long or short here. Havent followed this one in the last month"
"2017-09-28T18:58:17Z","none","Cost to protect downside risk for the next 30 days. $FEYE $SPY $AAPL $TSLA $USO $TXIX $WATT $DUST $JNUG $JDST $AMZN https://marketchameleon.com/volReports/DownsidePutProtection"
"2017-09-28T18:56:58Z","none","$BMY $TXN $BBRY $NCLH $HPE $LULU $SNAP $IR $SHLD $GGP $GPRO $ENDP $TWTR $RIG $ZYNE $TECK $TSLA $AAL $BUD $ABBV $ABT $FDX lets do this"
"2017-09-28T18:56:52Z","none","$AAPL $BABA $TSLA $FB $HD $NFLX New Daily-high &amp; Daily-low #Trading range coming Friday Morning, before the Market opens. See ya tomorrow!"
"2017-09-28T18:55:46Z","none","Tesla Might Soon Catch a Break in China $TSLA @teslamotors @elonmusk http://bit.ly/2yJh04f"
"2017-09-28T18:54:11Z","Bearish","$TSLA price action similar to yesterday so far"
"2017-09-28T18:54:07Z","none","$TSLA Why #Tesla Taking Risks Is Critical to Future Success https://investorplace.com/2017/09/tesla-risks-critical-future/#.Wc1ESFuPKIs"
"2017-09-28T18:53:23Z","none","$TSLA Did #Tesla&#39;s Model S Deliveries Rebound in Q3? https://www.fool.com/investing/2017/09/28/did-tesla-incs-model-s-deliveries-rebound-in-q3.aspx"
"2017-09-28T18:52:58Z","Bullish","$TSLA drug got disapproved by FDA..nooo that&#39;s Fraud Fake News spreading Fear in Tesla investors n drop by 15+% SEC"
"2017-09-28T18:52:31Z","none","$TSLA #Intel Reportedly Snatches #Tesla Biz Away From #NVIDIA Corp. https://www.fool.com/investing/2017/09/27/intel-corporation-reportedly-snatches-tesla-inc-bi.aspx $INTC $NVDA"
"2017-09-28T18:52:08Z","Bearish","$TSLA gonna follow last EOW"
"2017-09-28T18:51:23Z","none","$BMY $TXN $BBRY $NCLH $HPE $LULU $SNAP $IR $SHLD $GGP $GPRO $ENDP $TWTR $RIG $ZYNE $TECK $TSLA $AAL $BUD $ABBV $ABT $FDX"
"2017-09-28T18:51:16Z","none","$KNDI As a side note - anyone notice $TSLA has been going DOWN for last 2 weeks &amp; $KNDI has been going UP? KNDI&#39;s time has arrived! BUY!"
"2017-09-28T18:50:11Z","none","Big Call Buyers $BMY $TXN $BBRY $NCLH $HPE $LULU $SNAP $IR $SHLD $GGP $GPRO $ENDP $TWTR $RIG $ZYNE $TECK $TSLA $AAL $BUD $ABBV $ABT $FDX"
"2017-09-28T18:49:45Z","none","$TSLA who the fuck buys when a chart looks like this?"
"2017-09-28T18:48:58Z","none","$TSLA KILLING MEEEEEEEE"
"2017-09-28T18:48:49Z","Bearish","$TSLA the dump hasn&#39;t even started..."
"2017-09-28T18:48:19Z","none","$TSLA Downside Puts Trade for $1.1 Million https://marketchameleon.com/"
"2017-09-28T18:47:31Z","none","$TSLA epic trap lol"
"2017-09-28T18:46:02Z","none","$TSLA dumped it -2"
"2017-09-28T18:43:15Z","none","$TSLA what if some big investor join the ship, this is the future"
"2017-09-28T18:40:43Z","Bearish","$TSLA priced for perfection with lot of question marks and unprecedented cash flow burn. This cannot continue with competitive EV landscape"
"2017-09-28T18:39:45Z","Bullish","$TSLA  Down about 50 since the 18th, is strange.  If it doesn&#39;t get bullish news soon, it could get scary trying to stay long."
"2017-09-28T18:39:15Z","none","$SPY $TSLA Unless its the big three trump could care less about this company."
"2017-09-28T18:32:10Z","none","$SPY will Trump pull $TSLA subsidies, that would be good to know.  easy short if he did."
"2017-09-28T18:28:44Z","none","Tesla Manufacturing Speed To Come Into Focus With Vehicle Report: http://ow.ly/WoPK30fv2iY $TSLA $TWTR"
"2017-09-28T18:26:14Z","none","$tsla can $VRX borrow your CEO for a few years to stay afloat?"
"2017-09-28T18:25:15Z","none","@PowerTriggerTrade Lets do this Sandro! $TSLA in at 4.45"
"2017-09-28T18:23:12Z","none","Out $TSLA small loss 

only positions I have left are $AMZN and $NKE ..."
"2017-09-28T18:22:34Z","none","$TSLA it might be a bit Oversold on stoch&#39;s and willr%-BUT-the selling MO is still in tact-333 or lower by close"
"2017-09-28T18:20:45Z","none","$TSLA $TSLA my pre-order is actually a couple months early! https://i.imgur.com/yLi5QWT.png"
"2017-09-28T18:19:37Z","Bearish","$TSLA Chevy bolt"
"2017-09-28T18:19:30Z","none","$TSLA Be nice to get a bullish hammer on the daily today."
"2017-09-28T18:19:19Z","Bearish","$TSLA insiders dumping"
"2017-09-28T18:19:07Z","none","$TSLA my pre-order is actually a couple months early!!! https://i.imgur.com/yLi5QWT.png"
"2017-09-28T18:17:48Z","none","$TSLA I would have loved 350 before next week news"
"2017-09-28T18:15:18Z","none","$TSLA 330 for sure tomorrow"
"2017-09-28T18:12:54Z","none","$TSLA if this IS the day the floor gets set then from tomorrow there should be a retracement to near 370.  IF"
"2017-09-28T18:10:14Z","none","$TSLA 333 by eod"
"2017-09-28T18:10:13Z","none","$TSLA the day isn&#39;t over. Shorts have to press it down and keep it down.  But they were active. Exactly on the charts where they needed to b"
"2017-09-28T18:09:57Z","none","$TSLA 18-Jan-19 290 Puts Traded 300 Times for $1.1 Million in Premium. http://tinyurl.com/mgodndw"
"2017-09-28T18:09:31Z","none","$TSLA biggest pump and dump
Market makers getting rich if no one else üòé"
"2017-09-28T18:08:07Z","Bearish","$TSLA bear flagging until further notice LMAO!"
"2017-09-28T18:07:56Z","none","$tsla  back to normal for the last couple of weeks - and that is DOWN"
"2017-09-28T18:07:42Z","Bearish","$TSLA and back down. smh"
"2017-09-28T18:05:05Z","none","$TSLA the Bernstein note sets the bar insanely high on the cash burn.  This could be the impetus for a major up move after reporting."
"2017-09-28T18:04:02Z","none","needs to break through the 341s-342.34 area else back down $TSLA"
"2017-09-28T18:03:10Z","none","$TSLA same principle as taking from the poor and middle class to help the rich buy toys.  https://youtu.be/W5e9O64z1Uw"
"2017-09-28T17:58:48Z","none","$TSLA Rally already over-nothing to see here-except low 330&#39;s this afternoon"
"2017-09-28T17:58:35Z","none","$TSLA Ain&#39;t so bad!"
"2017-09-28T17:56:24Z","none","$TSLA analysts on Estimize are expecting 29.75% YoY revenue growth for Q3, down from 78.50% in Q2 [Reporting 10/25 AMC]
http://www.estimize.com/intro/tsla?utm_content=TSLA&amp;amp;utm_medium=eps_update&amp;amp;utm_source=stocktwits#chart=historical"
"2017-09-28T17:55:42Z","Bullish","$TSLA Elon&#39;s mom on cover magazine as a Model at age 69 .. a smart cute Intrapreneur"
"2017-09-28T17:55:16Z","none","$TSLA Bought calls here"
"2017-09-28T17:55:13Z","none","$TSLA 241.50- 243.50 exit target area for these 335 calls"
"2017-09-28T17:54:02Z","none","$TSLA And then anyone waiting to buy will help it up"
"2017-09-28T17:53:29Z","none","$TSLA short covering"
"2017-09-28T17:53:25Z","Bullish","$TSLA Bears are getting grumpy. Think this is bad - wait till your covering over $375 (again)"
"2017-09-28T17:53:03Z","none","$TSLA never let news here fool you."
"2017-09-28T17:52:52Z","none","$TSLA so right here is the show you paid to see. The bears have to try to drop it vs 241. Or outside day occurs"
"2017-09-28T17:52:40Z","Bullish","$TSLA Elon&#39;s Father Electro Chemical Scientist... just so you know!"
"2017-09-28T17:52:36Z","Bullish","$TSLA My 9/29 345 call is paying off  &gt;100%"
"2017-09-28T17:52:25Z","Bullish","$TSLA no dump. only beanstalks on escalators coming"
"2017-09-28T17:52:18Z","Bearish","$TSLA look at our car doors....they go up see....did we change the world?  Did every person drive a tesla like an iphone yet?"
"2017-09-28T17:51:42Z","Bullish","$TSLA long 340.60"
"2017-09-28T17:51:41Z","none","$TSLA when pumping lolz finally will dump"
"2017-09-28T17:51:26Z","none","The 10 Hottest Gadgets for the 2017 Holiday Season $AAPL $TSLA $GPRO ‚Ä¶ - https://investorplace.com/2017/09/10-hottest-gadgets-2017-holiday-season"
"2017-09-28T17:51:06Z","Bullish","$TSLA 400 next week after big sales numbers"
"2017-09-28T17:50:23Z","Bullish","$TSLA still beanstalking"
"2017-09-28T17:50:14Z","none","$TSLA ok I was off yesterday lol this is start of bull reversal. $351 resistance will be tested"
"2017-09-28T17:49:28Z","none","$TSLA wow look at that!!"
"2017-09-28T17:49:23Z","none","$TSLA Gooo Tesla .. 350 again !!"
"2017-09-28T17:48:16Z","none","$TSLA Hello Elon! Getting perky!"
"2017-09-28T17:47:18Z","Bullish","$TSLA  very"
"2017-09-28T17:45:23Z","none","$tsla watch 339 build to go some"
"2017-09-28T17:45:23Z","Bullish","$TSLA is about the future"
"2017-09-28T17:31:36Z","Bearish","$TSLA Has a nice trading profile on its hourly chart. Tight stop = low risk, high reward."
"2017-09-28T17:31:15Z","none","$TSLA the spastic energy seems to have abated now. The adage applies: gotta stop going down before you can go up"
"2017-09-28T17:31:09Z","none","Did Tesla, Inc.&#39;s Model S Deliveries Rebound in Q3? http://bit.ly/280917TSLA $TSLA"
"2017-09-28T17:27:49Z","Bullish","$TSLA green by eod"
"2017-09-28T17:25:31Z","none","The Everything Bubble.
Source: Mauldin Economics
$FB $AMZN $AAPL $NFLX $GOOG $GM $VLKAY $TM $TSLA $SPX"
"2017-09-28T17:25:05Z","Bearish","$TSLA nobody wants to hold this over the weekend and wake up and have a bad haircut..this isn&#39;t daytraders institutional dumping at its best"
"2017-09-28T17:21:28Z","Bullish","$TSLA Looks like a divergence on the 60 min would like to see a test of 332 before the move up."
"2017-09-28T17:20:13Z","Bearish","$TSLA down down down"
"2017-09-28T17:19:40Z","Bearish","So what happened to those rumors about $AMD confirming with $TSLA? XD"
"2017-09-28T17:18:59Z","none","$AAPL calls $TSLA puts and all $SPY puts legit on a smoke break chillin right now. üôÑ"
"2017-09-28T17:18:39Z","none","$TSLA  Terrible.."
"2017-09-28T17:16:17Z","none","$TSLA waiting for the afternoon dump to begin"
"2017-09-28T17:14:56Z","Bearish","$TSLA will take another dump at the close"
"2017-09-28T17:10:50Z","Bullish","$TSLA looks like it wants to clear this intraday range!"
"2017-09-28T17:09:42Z","none","$TSLA Screw the stocks I&#39;m buying ripple."
"2017-09-28T17:01:51Z","none","$TSLA #Tesla: When the bubble pops https://investorplace.com/2017/09/tesla-inc-wont-always-be-wrong/#.Wc0qzluPKIs"
"2017-09-28T17:01:00Z","none","$TSLA this appears to have sniffed out a bottom during the last couple of days"
"2017-09-28T17:00:40Z","Bearish","$TSLA"
"2017-09-28T16:59:44Z","Bullish","$TSLA just put on your seatbelts"
"2017-09-28T16:59:16Z","Bearish","$TSLA several block sells just like late yesterday...."
"2017-09-28T16:58:43Z","none","@JuanSolid  think about companies like $TSLA who have no real value and is in debt with absolutely no profit even after solarcity merger"
"2017-09-28T16:57:49Z","Bearish","$TSLA lower closes everyday. WTF"
"2017-09-28T16:54:10Z","none","$TSLA In manipulation mode on lock down, Can&#39;t go above $340 for now. Got to chop in a tight box #TSLA $SPY"
"2017-09-28T16:51:06Z","Bearish","$TSLA everyone in here searching for the bottom like they scooby-doo"
"2017-09-28T16:48:26Z","Bullish","$TSLA 370 possible eod"
"2017-09-28T16:48:02Z","Bullish","$TSLA get ready shorty"
"2017-09-28T16:47:24Z","Bullish","$TSLA its about that time. last warning before the beanstalk"
"2017-09-28T16:44:42Z","none","@charllebrown I was TSLA old when I bought this at $10.25 it was going nowhere. Even Cramer was not up as he was not for $TSLA dream Charlie"
"2017-09-28T16:43:26Z","none","$AMZN $TSLA $NVDA ALGOS WORKING HARD TODAY!"
"2017-09-28T16:37:20Z","Bullish","$TSLA I didn&#39;t think this would take so long to charge up. may need more supercharger stations"
"2017-09-28T16:35:43Z","Bullish","$TSLA Another day closer. Time for Bears to step aside soon."
"2017-09-28T16:33:58Z","none","@goin22 this company is already on software. WTH he is talking about? crooked MS analysts upgrade price for $TSLA."
"2017-09-28T16:33:48Z","none","They just dont rally like they used to $amzn $googl $nflx $tsla"
"2017-09-28T16:33:15Z","Bearish","$TSLA Longs - Next time - sell it over 385+"
"2017-09-28T16:31:42Z","Bullish","@Lucid_Vision Me too.  Actually sold all $NVDA shares today (took profits! yum) and bought $TSLA and $ECS.CA"
"2017-09-28T16:30:28Z","none","Follow $$$$ w/Option Trades Screener #SPY $AAPL $NE $NFLX $NE $ACN $MS $ACN $FCX $PBF $AMAT $PTCT $TSLA $MU  $GE %C https://marketchameleon.com/Screeners/OptionTrades"
"2017-09-28T16:30:04Z","Bearish","$TSLA Lost MOMO over last 2 weeks"
"2017-09-28T16:30:00Z","none","$TSLA Can Tesla&#39;s Model 3 Survive Without Incentives? --&gt; ANS: no, IT WILL THRIVE!"
"2017-09-28T16:28:37Z","Bullish","$TSLA finally a little 390s"
"2017-09-28T16:22:35Z","Bullish","$TSLA Elon has proven everyone was wrong and soon he will rub it again in your face dumshorts as a reminder! 

Mark it down !"
"2017-09-28T16:21:59Z","none","$TSLA I guess it&#39;s back the regularly scheduled &#39;buy the dip&#39; show."
"2017-09-28T16:20:12Z","Bullish","$TSLA 345 by EOD"
"2017-09-28T16:18:50Z","none","@kd8888 unlike $TSLA the other manu have capital.  Notwithstanding, the whole e-car industry is a farce. #Tesla is pure speculation."
"2017-09-28T16:18:21Z","Bearish","$TSLA this stock is dumping ground for the broader market"
"2017-09-28T16:15:22Z","none","$TSLA Expecting a meaningful solar announcement soon - stay tuned..."
"2017-09-28T16:13:56Z","Bullish","$TSLA  NEVER EVER EVER BET AGAINST ELON SIMPLY YOU&#39;RE NOT SMARTER THAN HIM FOOL!"
"2017-09-28T16:13:04Z","none","$TSLA trash"
"2017-09-28T16:03:48Z","none","$TSLA &quot;In 2015, Tesla made $319 million in sales from Chinese consumers. Last year, that number rose over 200 percent to $1.07 billion. &quot;"
"2017-09-28T16:03:14Z","Bullish","$TSLA below $300 will start a buying frenzy."
"2017-09-28T16:00:32Z","Bullish","$TSLA near oversold on the regressions waiting to purchase calls."
"2017-09-28T16:00:09Z","none","$TSLA tomorrow&#39;s 300 strike puts are a bargin at $0.04"
"2017-09-28T15:59:39Z","Bullish","$TSLA Chinese Want TESLA  Cars More Than You https://learnbonds.com/135245/chinese-tesla-inc-nasdaqtsla-china/"
"2017-09-28T15:59:35Z","Bearish","@PMFRyan he should lock in that amazing profit before it all disappears. $tsla bankruptcy is going to cost long investors billions."
"2017-09-28T15:59:31Z","none","FAANG-TAN Predictions 5/8, Close to 7/8 -- https://buff.ly/2hlFMiX   

5 Right: $TSLA $AMZN $GOOG $GOOGL $AMD $NVDA
3 Wrong: $FB $AAPL $NFLX"
"2017-09-28T15:54:44Z","Bearish","$TSLA waiting for Friday decay then scooping up 330 lottery puts tomorrow"
"2017-09-28T15:53:22Z","Bullish","$TSLA small spike 343"
"2017-09-28T15:52:52Z","none","$TSLA For once, longs a little panicky here"
"2017-09-28T15:52:37Z","none","$TSLA The battle is on hold or fold @ $338 R $344 S  $338/330 -  MSP ALGO Money Flow still need to go bullish still bearish, no signal yet"
"2017-09-28T15:51:16Z","none","$TSLA 

Does anyone know what Hillary Clinton is doing today"
"2017-09-28T15:49:19Z","none","Apple CEO is a disappointment, instead of investing in $TSLA 5 bln and installing IOS in all  Teslas he parks 200bln overseas....."
"2017-09-28T15:47:56Z","Bullish","$TSLA Detroit Three&#39;s to lose dominance of North American auto output in 2017 http://whtc.com/news/articles/2017/sep/27/detroit-threes-to-lose-dominance-of-north-american-auto-output-in-2017-ihs/"
"2017-09-28T15:47:00Z","none","$IMNP He made mills by holding stocks and don&#39;t sell when they run up. $F, $BAC, $C, $JPM, $TSLA, and many more. I was there."
"2017-09-28T15:45:26Z","none","$TSLA looking to get calls around 335 area"
"2017-09-28T15:44:50Z","Bullish","$TSLA Ford, GM car salesmen posting here  Last year, TSLA number of car sales rose over 200 percent to $1.07 billion in China"
"2017-09-28T15:42:13Z","none","$TSLA now its just dicking around"
"2017-09-28T15:40:45Z","none","$TSLA grabbed a few weekly $345 calls for .80 Hard to believe that they are going to allow this to close the Qtr under $345. I may be wrong"
"2017-09-28T15:40:32Z","none","$TSLA looks like a double top to me"
"2017-09-28T15:40:03Z","none","$TSLA I&#39;m just thinking tactically. The shorts have accomplished their goal. They shook it loose and got capitulation. From here down harder"
"2017-09-28T15:37:53Z","Bullish","$TSLA forming base ready to take the 5 minute"
"2017-09-28T15:36:58Z","none","$TSLA when is the next equity financing?  Actually the question is if the market is willing to pay up for it?"
"2017-09-28T15:36:45Z","Bullish","$TSLA yeah bottom in lol. Free money BTD&#39;s here"
"2017-09-28T15:36:42Z","Bullish","$TSLA watch this lashing back ‚òùÔ∏èüí∞5%, 7%, 10% ....leading the shorts into a total devastation .."
"2017-09-28T15:35:52Z","Bearish","$TSLA Kill this. Kill it with fire."
"2017-09-28T15:35:14Z","none","$TSLA"
"2017-09-28T15:34:29Z","Bearish","$TSLA support at 330"
"2017-09-28T15:34:09Z","none","$TSLA lastly. Today is the day I&#39;m looking for the outside channel up. Getting short on Thursdays over weekends is not a great strategy"
"2017-09-28T15:32:27Z","Bullish","@nnaa @SeriousGains like how you thought $TSLA would be $50 and lost your shirt? I&#39;ll stay behind my long thesis. Thanks"
"2017-09-28T15:32:06Z","none","$TSLA the fact that a sovereign has set a policy should resonate. It paves the way for others. Look at the amount of green policies out ther"
"2017-09-28T15:31:14Z","none","$TSLA crazy. Maybe $290. Won&#39;t go lower unless market tanks. Which is possible. But u rnt calling that. Just bearish. Wrong move here"
"2017-09-28T15:31:03Z","Bullish","$TSLA  $GM reclaimed the title of the biggest car maker in US .. nice congrats .. 

Let&#39;s cash out and invest in $GM for another BK bail out"
"2017-09-28T15:30:51Z","Bearish","$TSLA sub .10"
"2017-09-28T15:30:35Z","Bullish","$TSLA Never bet against Elon!Longs have money majority of the days past few years.let the bears make a little money now. We share. Big Pie"
"2017-09-28T15:30:27Z","none","$TSLA If only Musk can release a very very bad news or a very very good news that will trigger at least  +$40 stops"
"2017-09-28T15:30:10Z","Bullish","$TSLA my uncle still has his 1200 shares from $25. Maybe sold 200 so far. Says it&#39;s going to $1000 down the road. Ballin"
"2017-09-28T15:29:23Z","none","$TSLA no more pictures of parked Telsa&#39;s followed by:wow, today?"
"2017-09-28T15:27:34Z","Bearish","$TSLA stock going to 145.00"
"2017-09-28T15:26:59Z","none","$TSLA What&#39;s the next &quot;support level&quot; after $336 is breached?"
"2017-09-28T15:26:58Z","none","$TSLA dueces"
"2017-09-28T15:26:44Z","Bullish","$TSLA back to 380$ soon"
"2017-09-28T15:25:52Z","Bearish","$TSLA  look out BELOOOOOW!!!! &lt;250"
"2017-09-28T15:24:46Z","Bearish","$TSLA Tesla so broke, so overextended, so unable to meet current challenges they will have to let China opportunity pass. Too bad. So sad."
"2017-09-28T15:24:29Z","Bearish","$TSLA PAINAL !"
"2017-09-28T15:23:54Z","Bullish","$TSLA &quot;source tells Teslarati that Model 3 production is ahead of forecasts&quot; http://www.teslarati.com/tesla-model-3-design-studio-invitation-email-expected-soon/"
"2017-09-28T15:23:12Z","none","$TSLA with China setting the policy my expectations would be more than less Chinese EV purchases. California next"
"2017-09-28T15:23:09Z","Bearish","$TSLA look out below!!!!     &lt;&lt;&lt;&lt;300"
"2017-09-28T15:21:21Z","Bearish","$TSLA on average a stock falls 3 times faster than rising. No love for tesla by funds  3rd qtr on client statements....going lower eom"
"2017-09-28T15:21:14Z","none","China sets electric vehicles policy
 https://seekingalpha.com/news/3298201?source=ansh $CQCAF, $GWLLF, $GWLLY, $GELYF, $VLKAY, $BMWYY, $GM, $TSLA, $F, $TM, $CARZ"
"2017-09-28T15:21:08Z","Bullish","$TSLA don&#39;t miss Musk&#39;s Mars update tonight at 9:30pm http://www.spacex.com/mars"
"2017-09-28T15:19:24Z","none","$TSLA China sets electric vehicles policy
http://www.seekingalpha.com/news/3298201"
"2017-09-28T15:17:53Z","none","$TSLA is much more than a car company. But we do think that starting in 2021 the new Dyson EV may have an impact on high-end Tesla EVs."
"2017-09-28T15:16:35Z","Bullish","$TSLA Pigs will be slaughtered soon!"
"2017-09-28T15:16:21Z","Bearish","$TSLA yesss papa"
"2017-09-28T15:15:44Z","Bullish","$TSLA very"
"2017-09-28T15:14:35Z","Bullish","$TSLA I couldn&#39;t resist, I bought more $336"
"2017-09-28T15:14:20Z","Bullish","$TSLA   Watch, I hope the shorts get eviscerated when Q3 delivery numbers announced. hehhee"
"2017-09-28T15:14:16Z","Bullish","$TSLA go long and throw away the key, your grandkids will thank you for it, seriously!  Long since 170 and for at least another 20 years.."
"2017-09-28T15:14:04Z","none","$nke remember my post on $TSLA ...I am sure I helped someone saved hundreds of thousands.."
"2017-09-28T15:12:47Z","none","$TSLA When the bough breaks, the cradle will fall, and down will come TSLA, cradle, and all."
"2017-09-28T15:12:16Z","none","$TSLA Wake me when we hit the bottom."
"2017-09-28T15:10:47Z","none","$TSLA is in the driver seat now &amp; the car ain&#39;t gas baby, it ain&#39;t hybrid baby, it ain&#39;t hydrogen baby, its 100% all American electric, baby"
"2017-09-28T15:10:46Z","none","im looking at $TSLA and $NVDA calls with my friend js"
"2017-09-28T15:09:41Z","none","$CTSO 6 smackers???? Yes!!!

Thanks for nothing $AAPL $TSLA and $GUSH"
"2017-09-28T15:07:41Z","Bearish","$TSLA Short some more bears, you&#39;ve only lost 8 billion plus"
"2017-09-28T15:03:50Z","none","$TSLA flying!!!  Is that what its called when its plunging back to earth???"
"2017-09-28T15:02:32Z","none","$TSLA more 500 &amp; 600 Jan2019 Calls BUYING"
"2017-09-28T15:01:39Z","Bearish","$TSLA youre bullish I am bearish lol I just follow the dhart."
"2017-09-28T14:58:43Z","Bullish","$TSLA looking for a space x rocket to jump on to"
"2017-09-28T14:58:43Z","none","$TSLA wait for Monday deliveries miss to dump then buy it for semi pump."
"2017-09-28T14:58:24Z","Bullish","$TSLA I think it may start to fly"
"2017-09-28T14:58:13Z","Bearish","$TSLA Not bullish here until Elon shows me the $$$$"
"2017-09-28T14:57:40Z","Bearish","$TSLA  what is TSLA waiting for to drop"
"2017-09-28T14:57:27Z","none","$TSLA longs now marry story, chart they forget about. classic invetor mentality to me."
"2017-09-28T14:55:39Z","none","$TSLA bears are so quiet, covered already?"
"2017-09-28T14:54:58Z","none","Price Moves vs Expected Moves $REV $THO $KO $MNST $EPC $SPB $F $NKE $K $TSLA $AAPL $MTOR http://tinyurl.com/y7zbwhgq"
"2017-09-28T14:53:20Z","Bullish","$TSLA  super strong buy here"
"2017-09-28T14:52:46Z","none","$TSLA Jan2019 600 Calls Buyer Active"
"2017-09-28T14:52:25Z","none","$TSLA Based on reasonable metrics, This is bearish , however, it always does the opposite. Hard to decide."
"2017-09-28T14:51:07Z","none","$TSLA üëç"
"2017-09-28T14:50:26Z","none","$TSLA should I buy or sell? Technicals are bad, price is great for a lon term buy. Hmmm..."
"2017-09-28T14:50:10Z","none","$TSLA got within 5 cents. 335.33 level to watch. Low on day. 335.4"
"2017-09-28T14:48:53Z","none","$TSLA I&#39;m sorry officer, didn&#39;t realize I was speeding, my car didn&#39;t come with a speedometer"
"2017-09-28T14:46:53Z","none","$TSLA is now in no man&#39;s land with nothing till a little 330 support. Strong move above 340 would be bullish."
"2017-09-28T14:46:46Z","none","We‚Äôre out of $AAPL . Loaded up on $TSLA and more $GOOG"
"2017-09-28T14:46:25Z","Bearish","$TSLA"
"2017-09-28T14:45:13Z","none","$TSLA BIg money is telling you what to buy! I hope you guys are listening...Shorting for a dollar or get long for $100&#39;s you do the math!"
"2017-09-28T14:44:49Z","none","Lol $TSLA https://twitter.com/speedycalls/status/913412967135358976"
"2017-09-28T14:44:34Z","Bullish","$TSLA Teslarati.com who happens to have contact within Tesla reporting M3 deliveries ahead of schedule. Look at calls today :)"
"2017-09-28T14:44:32Z","Bullish","$TSLA is it stays above today&#39;s low im still in. putting stoops just below"
"2017-09-28T14:42:37Z","Bullish","$TSLA https://app.optionsplay.com/#share/59bf17421a7520621c9ed18a"
"2017-09-28T14:42:21Z","none","$TSLA Pivot $312 - $318... will decide the direction... above $348 and rally on.."
"2017-09-28T14:41:45Z","none","$TSLA around the 100 day. This is where it&#39;s been finding support. Let&#39;s see if the trend continues."
"2017-09-28T14:41:30Z","Bearish","$TSLA Day chart shows a continued bear"
"2017-09-28T14:41:14Z","none","$TSLA $TSLA Exited my short position at $336.71 ! Over $85K on Tesla alone this year :) Good luck everyone!"
"2017-09-28T14:41:01Z","none","$TSLA tesla now flushed out weak hands, up we go"
"2017-09-28T14:40:53Z","none","$TSLA hurry and buy amd"
"2017-09-28T14:40:45Z","none","$TSLA anyone knows what are the key news for next week?"
"2017-09-28T14:40:43Z","none","$TSLA watch the deadcat.  Don&#39;t be fooled.  All other existing car companies are developing EV&#39;s, and they know how to manufacture also....."
"2017-09-28T14:40:29Z","Bullish","$TSLA amd partner now"
"2017-09-28T14:40:22Z","none","$TSLA major daily chart breakdown. Connect a trend line through the lows of 2017. Tesla just broke below. Could get nasty."
"2017-09-28T14:40:05Z","none","$TSLA more Jan2019 600 Calls BUYING Activity"
"2017-09-28T14:39:37Z","none","$TSLA this bounce can be traded... now $338.80"
"2017-09-28T14:39:15Z","Bearish","$TSLA this needs at least a reduction to 330.00"
"2017-09-28T14:39:08Z","none","$AMD $TSLA partnership news is back, hmmmm. Maybe there&#39;s something here?"
"2017-09-28T14:38:32Z","Bullish","$TSLA ...tumbling dice...looking fwd to ER...it only gets better from here on with M3"
"2017-09-28T14:38:15Z","none","$TSLA HAHAHAHAHA They timed that right on the spot! @androsForm @TraceBusta"
"2017-09-28T14:37:49Z","Bullish","$TSLA COVER OR PERISH!!!!!!"
"2017-09-28T14:37:37Z","Bullish","$TSLA shorts here are obsessed with &quot;making money back&quot; in this particular stock in which it was lost.  No logic, pure emotion"
"2017-09-28T14:36:46Z","Bearish","$TSLA still a negative profit company. Why bother risking?"
"2017-09-28T14:36:02Z","none","A Current Ratio of 0.97 indicates that $TSLA may have some problems paying its short term obligations. https://www.chartmill.com/analyze.php#/TSLA?r=fa&amp;key=b3fb89e7-ce52-4df4-906a-b4ccaf80eec8"
"2017-09-28T14:35:32Z","Bearish","$TSLA bulltrap"
"2017-09-28T14:35:29Z","Bearish","$TSLA YOU...CAN...THANK...ME...NOWüèã"
"2017-09-28T14:34:23Z","none","Tesla stock $TSLA 30-Day Trade Sentiment Averages https://marketchameleon.com/Overview/TSLA/OptionOrderSentiment/"
"2017-09-28T14:34:15Z","Bearish","$TSLA if u dont think this will sell off going into weekend u are crazy"
"2017-09-28T14:33:57Z","Bearish","$TSLA buy &amp; hold let the bears push it higher, Semi driving from Gigafactory autonomously to Fremont factory, will drive stock to ATH"
"2017-09-28T14:33:20Z","Bullish","$TSLA Added 338, good number XD"
"2017-09-28T14:32:51Z","Bullish","$TSLA driven to 78.6% Fib Retrace.  Need a bounce from here...Nasdaq &amp; SPX recovering"
"2017-09-28T14:32:34Z","Bullish","$TSLA $AMZN $AAPL $FIT $NFLX Load up son"
"2017-09-28T14:32:24Z","Bullish","$TSLA btd"
"2017-09-28T14:32:16Z","none","$TSLA  2019 BULL SWEEPER DETECTED"
"2017-09-28T14:31:52Z","none","$TSLA Jan2019 500 &amp; 600 Calls BUYING Activity"
"2017-09-28T14:31:09Z","none","$TSLA Gave you yesterday todays price target 336. Now giving you hourly support has to hold 336.32"
"2017-09-28T14:29:54Z","Bullish","$TSLA ever seen tsla pop 20-30 dollars?"
"2017-09-28T14:28:48Z","Bearish","$TSLA market rallying. This not. 330 on board"
"2017-09-28T14:28:36Z","Bearish","$TSLA short every pop works fine"
"2017-09-28T14:28:34Z","Bullish","$TSLA hey shorties. please do not cover until you hit your targets."
"2017-09-28T14:28:06Z","none","$TSLA ouch!"
"2017-09-28T14:27:48Z","none","Short volume percent for $TSLA was 43.77% on 09-27-17, a decrease of 1.06% from 09-26-17   http://www.volumebot.com/?s=TSLA"
"2017-09-28T14:26:32Z","Bearish","$TSLA -$5 to $336. I am short from $367. Target: Low $100s. Timeframe: 12-24 months."
"2017-09-28T14:26:25Z","none","$TSLA confirmation through the bottom trend line, congestion ~$10 below"
"2017-09-28T14:24:35Z","Bearish","$TSLA longs dont worry.. Pump meister Elon will emerge one week before monthly opex and release pumping news!"
"2017-09-28T14:24:26Z","Bearish","$TSLA in order to be bullish on this you have to look into the future and that&#39;s the problem, in the near future we will have a recession"
"2017-09-28T14:24:13Z","none","$TSLA I think its time for a short term bounce back to $350 next week."
"2017-09-28T14:24:05Z","none","$TSLA Is this a fkng joke?"
"2017-09-28T14:22:07Z","none","$TSLA Elon did not invent the electric car. He just bought into PayPal."
"2017-09-28T14:21:42Z","Bearish","$TSLA  Wheeeeeee!   Where&#39;s my man mc-cluck-nuggets.  I&#39;m never gonna forget that name..  Will always be associated with Tesla sub 50$ lol"
"2017-09-28T14:21:39Z","Bullish","$TSLA This is not a car company, It&#39;s a tech company  - CNBC"
"2017-09-28T14:20:55Z","Bearish","$TSLA Musk gives fans wings but made-in-China fake broken wings"
"2017-09-28T14:20:47Z","Bearish","Average net worth dropped by 30%
Debt grew - hurt $AAPL $tsla
CB bubble failed
Lost decade or NKorea Crisis soon
$spy $spx $qqq $iwm $rut"
"2017-09-28T14:20:33Z","Bullish","$TSLA I&#39;m looking for mars"
"2017-09-28T14:20:09Z","Bearish","$TSLA Hopes and dreams and forward thinking are nice but not worth a 2000% increase in stock price. Don&#39;t be an idiot."
"2017-09-28T14:19:51Z","Bullish","$TSLA I&#39;M ALL STRAPPED IN AND READY TO CRASH MY SPACE-X SPACESHIP INTO THE MOON."
"2017-09-28T14:19:51Z","Bearish","$TSLA Model S, X declining, Model 3 is not close to ready (google it, news out yesterday), this stock will get cut by $200."
"2017-09-28T14:19:35Z","none","$TSLA Tesla deepens losses http://www.economies.com/stocks/united-states-analysis/tesla-deepens-losses---analysis---28-09-2017-43325"
"2017-09-28T14:19:30Z","Bullish","$TSLA on sale!!  extremely discounted price!!  Time to load up!  üí∞üí∞üí∞"
"2017-09-28T14:19:20Z","Bearish","$TSLA no positive cash flow,  no profits in sight nor any plan to get there spells doom for longs. Sweet, sweet piggy! Die...."
"2017-09-28T14:19:17Z","Bullish","$TSLA locked and laded"
"2017-09-28T14:18:28Z","Bearish","$TSLA Not even worth it below $300. I would maybe consider going long at $275 with half position in case of even more drop"
"2017-09-28T14:17:23Z","Bearish","$TSLA Lol &quot;bear trap set&quot; Going into the 10th quarter with hundreds of millions of dollars lost?"
"2017-09-28T14:17:20Z","none","$TSLA agreed !"
"2017-09-28T14:17:14Z","none","$TSLA Thank you very much longs !!"
"2017-09-28T14:16:49Z","Bullish","$TSLA waiting for the boing!"
"2017-09-28T14:16:37Z","Bearish","$TSLA wait, $300 next and then $250"
"2017-09-28T14:15:51Z","Bearish","$TSLA Bear trap set, Longs all know news is coming, lets just go with it Longs, maybe we can break $500 by Semi event."
"2017-09-28T14:15:44Z","none","$TSLA $280 $280 $280"
"2017-09-28T14:14:49Z","Bullish","$TSLA bears either buried or not counting the past loases"
"2017-09-28T14:14:46Z","Bearish","$TSLA my wife could never operate the model 3 windshield wipers!"
"2017-09-28T14:13:40Z","none","$TSLA China will steal any valuable tech TSLA has, ask GE how that goes, ask Caterpillar...."
"2017-09-28T14:13:21Z","Bullish","$TSLA Bears getting over confident off a1% drop. Give me a break. Most Bears are buried here and plenty of Bulls are at a $250 average."
"2017-09-28T14:13:19Z","Bullish","$TSLA not good for trading. I prefer long term investment."
"2017-09-28T14:13:14Z","Bullish","$TSLA THIS IS THE BOTTOM."
"2017-09-28T14:12:24Z","Bullish","$TSLA Stink bid 400 strike jan 2018 option at 9.60.  HIT HIT HIT comon!"
"2017-09-28T14:11:59Z","Bearish","$TSLA bulls you can thank me later!! #fallonthesword"
"2017-09-28T14:11:30Z","none","$TSLA here at $335 support, still bearish and should test $310-$320 next month. Good long opportunity from there https://stocktwits.com/OptionRunners/message/95627299"
"2017-09-28T14:11:05Z","none","$tsla this stock got rocked from the ATH&#39;s quickly. sucked in ton of bagholders along the way. now will prob break prior support from aug 21"
"2017-09-28T14:11:01Z","Bearish","$TSLA look for a bounce when this hits $180. Scam stock. Fraud mgmt. Inept CEO pretending to be engineer. Lies to public &amp; government."
"2017-09-28T14:10:54Z","none","$TSLA for folks who are interested, I will tell y when the 80$ drop will stop __ and when I get in, __"
"2017-09-28T14:10:24Z","Bearish","$TSLA next horror movie title: &quot;Accudent bought Tesla @380&quot;"
"2017-09-28T14:09:23Z","Bearish","$TSLA I&#39;m now a üêª so this should reverse!!ü§î"
"2017-09-28T14:08:12Z","Bearish","$TSLA I short 350.98 yesterday , today @ 341.98, LOD - 331-2 : $ 10 trade range 342-332"
"2017-09-28T14:07:51Z","Bearish","$TSLA https://techcrunch.com/2017/09/17/porsches-electric-mission-e-arrives-in-2019-priced-like-panamera/"
"2017-09-28T14:07:08Z","Bullish","$TSLA bot calls"
"2017-09-28T14:06:54Z","none","$TSLA I fat-fingered that and only bought 2, oops. Took 1.75, though, that&#39;ll buy dinner anyway."
"2017-09-28T14:06:43Z","Bearish","$TSLA Porsche‚Äôs All-Electric Sports Car Mission E Will Cost $85,000"
"2017-09-28T14:06:24Z","Bearish","$TSLA Tesla fans said auto inventory is at all time high, no one would buy Ford then I asked them why should they buy Tesla? LoL"
"2017-09-28T14:05:34Z","Bearish","$TSLA When will the bleeding stop"
"2017-09-28T14:05:26Z","none","$TSLA Nothing can go up straight or down. It&#39;s almost time to reverse up. And when it starts to go up it will go up fast &amp; furious."
"2017-09-28T14:05:07Z","Bearish","$TSLA timing of hype and model 3 release should have been more aligned. excitement is OVER"
"2017-09-28T14:04:24Z","Bearish","$TSLA wake me up when this hit 250, the bear god just got summoned"
"2017-09-28T14:02:58Z","Bullish","$TSLA JUST LOADED UP. READY FOR THE MOON MISSION."
"2017-09-28T14:02:56Z","Bearish","$TSLA needs to go up so it can drop harder. Just shorts covering. Lots of bad heat"
"2017-09-28T14:01:46Z","Bearish","$TSLA #Telsabubble"
"2017-09-28T14:01:27Z","Bullish","$TSLA so it is true tsla is partnering with $NVDA and $INTC ! $AMD was fake news https://electrek.co/2017/09/28/tesla-model-3-new-dual-computing-platform-autopilot-media/"
"2017-09-28T14:01:16Z","Bullish","$TSLA hang in there people. Green will come, sooner or later."
"2017-09-28T14:00:21Z","Bullish","$TSLA Great entry at this $336 to $337 range"
"2017-09-28T13:59:56Z","Bullish","$TSLA I need Mr. Musk refute these negative comments"
"2017-09-28T13:59:52Z","Bearish","$TSLA 5% more downside to 321"
"2017-09-28T13:59:04Z","none","$TSLA Not one to catch a falling knife but looks like a juicy pullback"
"2017-09-28T13:58:46Z","none","@AlwaysBeChartin  Awesome Easy +100% on $TSLA 330 PUTS - Plenty of room still for this pig"
"2017-09-28T13:58:26Z","none","Scooped $AMZN calls // $TSLA puts"
"2017-09-28T13:58:01Z","none","$TSLA 337.37 daily support breached. 334.21 daily resist. 331.85 only level back there. Best wishes."
"2017-09-28T13:57:41Z","Bullish","$TSLA ....PIPELINE - CHINA - INDIA ...AUSTRALIA..."
"2017-09-28T13:57:29Z","none","$TSLA money currently flowing into $SHAK"
"2017-09-28T13:57:28Z","none","minute-by-minute VWAP results for $TSLA stock https://marketchameleon.com/Overview/TSLA/VwapTable/TradingHours"
"2017-09-28T13:57:07Z","Bearish","$TSLA whos joining the 330 party today?"
"2017-09-28T13:56:15Z","none","$TSLA 9% down in what 2 weeks?"
"2017-09-28T13:56:14Z","Bearish","$TSLA crash"
"2017-09-28T13:56:03Z","Bullish","$TSLA don&#39;t be short when this news drops http://www.barrons.com/articles/tesla-might-soon-catch-a-break-in-china-1506603570"
"2017-09-28T13:55:44Z","Bullish","$TSLA how low could it go down ."
"2017-09-28T13:55:20Z","none","$TSLA has a new daily low at $336."
"2017-09-28T13:54:54Z","Bearish","$TSLA Expect no consumer ready Model 3 this year, or 1/2 next.  https://arstechnica.com/cars/2017/09/tesla-model-3-owners-are-sharing-more-info-on-model-as-deliveries-increase/; https://www.autoblog.com/2017/09/27/tesla-model-3-no-fm-radio-no-bluetooth-streaming/"
"2017-09-28T13:54:45Z","Bearish","$TSLA new LOD"
"2017-09-28T13:53:57Z","Bullish","haahahahah $TSLA buy this dip for sure. the boys are low on their addie supplies apparently"
"2017-09-28T13:53:30Z","Bearish","$TSLA The peers next real level of support is right around 336! You know you want to break it keep on falling"
"2017-09-28T13:52:39Z","none","Recent $TSLA technical alerts: 50 DMA Resistance plus 4 more alerts... https://swingtradebot.com/equities/TSLA"
"2017-09-28T13:51:44Z","none","$TSLA Exit door keep getting smaller, as many automaker all piles into electric they create oversupply and that lead to price war"
"2017-09-28T13:51:39Z","none","$TSLA It&#39;s down 1% on the month, woo crisis."
"2017-09-28T13:51:34Z","none","we should of filmed the $TSLA short"
"2017-09-28T13:50:40Z","none","$TSLA : when the lipstick gets rubbed off the pig...."
"2017-09-28T13:50:19Z","Bearish","$TSLA charge up your electric car and drive it on down to 150..."
"2017-09-28T13:50:13Z","none","$TSLA Still 100 dollars overvalued!"
"2017-09-28T13:50:02Z","none","$TSLA  WE GOOD!!! Bears going to short into a hole and be forced to cover! Create a real nice SQUEEEEEZEEE!"
"2017-09-28T13:49:57Z","none","$TSLA Tesla Shares At Session Lows After Traders Circulated Day-Old Commentary From Bernstein"
"2017-09-28T13:49:37Z","Bearish","$TSLA why buy now when u can get em next week at 300"
"2017-09-28T13:48:28Z","Bullish","$TSLA This is so great I&#39;m going to load up This is way to easy long all the WAAAY ..... #tsla  #study"
"2017-09-28T13:48:23Z","none","$TSLA Bought for a try @ 336 if that doesn&#39;t hold in the teens next up."
"2017-09-28T13:47:44Z","none","$TSLA waiting for a pop to get short via Puts again"
"2017-09-28T13:47:34Z","none","$TSLA Nothing will stop this from falling below 330 today - and into the 320&#39;s"
"2017-09-28T13:47:06Z","Bearish","$TSLA dayum.  330 today or tomorrow?"
"2017-09-28T13:47:03Z","Bullish","$TSLA BTFD!"
"2017-09-28T13:46:52Z","Bearish","$TSLA all of the exuberance buying over the last year makes for easy common sense shorting now. Our time to shine!"
"2017-09-28T13:46:21Z","Bearish","$TSLA timberrrrr"
"2017-09-28T13:46:19Z","none","$TSLA throwing in the towel moment"
"2017-09-28T13:46:11Z","none","$TSLA another bid in at $333, will i get it?!"
"2017-09-28T13:45:55Z","none","$TSLA how does this keep dropping? Eesh"
"2017-09-28T13:45:49Z","Bearish","$TSLA Google it around, Model 3 is not a functional car, features all not ready.  No shipment of it this year or may be next. Expect cliff."
"2017-09-28T13:45:42Z","none","$TSLA oh no stock is going down. Expect another tweet soon."
"2017-09-28T13:45:28Z","none","$TSLA LOD."
"2017-09-28T13:44:57Z","Bullish","$TSLA This m&#39;fer might go down to 8/21 low, prepared for that mentally. My stop is 329.50"
"2017-09-28T13:44:55Z","none","$TSLA $332 then bounce to new high within a month"
"2017-09-28T13:44:36Z","Bearish","$TSLA bulls here bought @380 , of course they don&#39;t want to see this red"
"2017-09-28T13:43:53Z","Bullish","$TSLA Buying OCT 6th 340 calls for $8.5 ABOUT TO REVERSE ON YOU FOOLS!"
"2017-09-28T13:43:49Z","none","$TSLA Who bought all time high? must be kicking themselves"
"2017-09-28T13:43:44Z","none","$TSLA buy puts bulls for the short term Tbh"
"2017-09-28T13:43:28Z","Bearish","$TSLA The market works!"
"2017-09-28T13:43:21Z","Bearish","$TSLA 330. I can feel it in my plums today"
"2017-09-28T13:43:13Z","none","$TSLA isn&#39;t this overdone?"
"2017-09-28T13:43:04Z","Bullish","$TSLA Al these cockroaches crawling out of their holes will be flushed back to their holes including dumAnalysts Stein Jefferies Goldman .."
"2017-09-28T13:43:04Z","Bearish","$TSLA get out now, it&#39;s a trap. Even Musk knows his stock is overpriced"
"2017-09-28T13:42:39Z","Bearish","$TSLA abandon ship"
"2017-09-28T13:42:28Z","none","$TSLA How many days in the row it has been??"
"2017-09-28T13:42:24Z","none","$TSLA lol"
"2017-09-28T13:42:21Z","Bearish","$TSLA SAD"
"2017-09-28T13:41:52Z","none","$TSLA time to call life alert"
"2017-09-28T13:41:42Z","none","$TSLA create the future? great! so everyone will be overpriced, breakdown, and never be on time, and lie all the time, what a future!"
"2017-09-28T13:41:40Z","none","$TSLA has a new daily low at $337.5."
"2017-09-28T13:41:36Z","none","$TSLA 338 huge daily .if builds below has huge downside possibility"
"2017-09-28T13:41:07Z","Bullish","$TSLA Soon...big news will make many of you why you didn&#39;t BUY TODAY...yes, right NOW"
"2017-09-28T13:40:41Z","none","$TSLA what longs dont  want to believe is TSLA is a poorly run company  ."
"2017-09-28T13:40:30Z","Bullish","$TSLA Bought more here, $339.  More buy points set all the way down to $300 if it happens"
"2017-09-28T13:39:55Z","Bullish","$TSLA created and continues to create the future - now we will let the competition into the party in single file .. SOME may become allies!?"
"2017-09-28T13:39:30Z","Bullish","$TSLA WE ARE LONG AND STRONG DUMSHORTS BEHIND THIS LINE!"
"2017-09-28T13:38:59Z","Bearish","$TSLA Evident Model 3 is still in alpha stage, no real consumer ready car this year.  https://arstechnica.com/cars/2017/09/tesla-model-3-owners-are-sharing-more-info-on-model-as-deliveries-increase/"
"2017-09-28T13:38:26Z","Bullish","$TSLA panic selling will only hurt you ! 

This will bounce back to ATH soon .. let the truth be told first not the LIES!"
"2017-09-28T13:38:11Z","none","$TSLA Rallied  for 2 minutes"
"2017-09-28T13:37:34Z","Bearish","$TSLA Ford, Lyft Will Partner to Deploy Self-driving Cars http://www.newsmax.com/Finance/Companies/ford-lyft-self-driving/2017/09/27/id/816011/"
"2017-09-28T13:37:23Z","Bearish","$TSLA Toyota, Mazda, Denso creating company for electric car development https://asia.nikkei.com/Business/Companies/Toyota-Mazda-Denso-creating-company-to-hasten-electric-car-development"
"2017-09-28T13:37:05Z","Bullish","$TSLA The SHORT TA-meter is being disembanbolatedly anatomized !"
"2017-09-28T13:36:30Z","none","Nvidia seeing some more pressure despite analyst comments. $INTC $TSLA $NVDA Hitting the bid in chunks. Intel / Tesla news likely matters..."
"2017-09-28T13:36:24Z","none","$TSLA Definitely early, maybe wrong, but in some 330p for .80."
"2017-09-28T13:36:11Z","Bearish","$TSLA They will pump it dump it"
"2017-09-28T13:35:46Z","Bullish","$TSLA Model3 ahead of schedule I&#39;m not an employee and I&#39;m getting mine in December .. 
next week Configurator will open up for public!"
"2017-09-28T13:35:38Z","none","$AMZN $TSLA $NVDA $GOOG $FB $AAPL $NFLX $BABA $NTES Amazon Stock Could Surge Another 18%, JMP Securities Says  https://www.thestreet.com/story/14323008/1/amazon-stock-gains-jpmorgan.html"
"2017-09-28T13:35:07Z","Bullish","$TSLA Whoa, what just happened"
"2017-09-28T13:34:42Z","none","$TSLA   Hold everything... It seems like other car companies can make EVs as well........  Who would have thunk it?"
"2017-09-28T13:34:31Z","none","$TSLA or not LOL"
"2017-09-28T13:34:30Z","none","$TSLA This should terrify all the longs: Model 3 is not even close to ready.  https://www.autoblog.com/2017/09/27/tesla-model-3-no-fm-radio-no-bluetooth-streaming/"
"2017-09-28T13:34:17Z","Bullish","$TSLA VROOOOOOOOOOOOOMMMMMMMMMM"
"2017-09-28T13:34:15Z","Bullish","$TSLA $80+$30? ... where do u come from?? shortie land - no doubt"
"2017-09-28T13:33:24Z","Bullish","$TSLA This will end up green !!

Lies after lies .. is that how you make your money dumshorts ?!"
"2017-09-28T13:33:10Z","none","$TSLA another 30$ down to go __"
"2017-09-28T13:33:09Z","none","$TSLA  Im shorting all the way to 300....  I think this goes to 275, but dont want to risk it..."
"2017-09-28T13:33:04Z","none","$TSLA is down again?!?!?? ...but but but what about the sales in France in the year 2040?!?!?? LOL LOL LOL #douchebuggy"
"2017-09-28T13:32:38Z","Bearish","$TSLA Ponzi 3 is a failure. Con artist Musk botched the design and lied about production. Scam stock."
"2017-09-28T13:32:02Z","Bullish","@Gingerbread_man_ if it doesn&#39;t break 335 with volume i&#39;m still in. that&#39;s what my charts are telling me with $TSLA"
"2017-09-28T13:31:57Z","none","$TSLA 80$ drop continues, __"
"2017-09-28T13:31:55Z","Bullish","$TSLA HOLD ON b&amp;g ... all will be just FINE... HoldON though...it&#39;s UP today believe it or NOT!"
"2017-09-28T13:29:57Z","none","$TSLA 337.57 PM LOD."
"2017-09-28T13:28:37Z","none","$TSLA Near support in pre $338 R $344 $SPY"
"2017-09-28T13:28:37Z","none","$TSLA what tsla needs-is some good &quot;bogus&quot; news to get it moving-but its getting hard to say anything good right now"
"2017-09-28T13:28:21Z","none","WL 09-28-2017 $GPRO $BBRY $MU $FIT $FTI $ABT $NKE $TSLA $NFLX"
"2017-09-28T13:27:13Z","none","$TSLA calls to 345 then puts to 337...."
"2017-09-28T13:27:10Z","Bullish","$TSLA this is an example of what I&#39;m saying even though two confirmations informed Bernstein that&#39;s Model3 ahead  
http://www.marketwatch.com/amp/story/guid/E442B1F2-A3A2-11E7-9BA9-150476A55D7E"
"2017-09-28T13:25:35Z","none","$TSLA still way over priced. Needs to go sub 300."
"2017-09-28T13:25:25Z","none","$TSLA I trade TSLA-both long and short- I will never be &quot;married&quot; to it - especially with their financials"
"2017-09-28T13:24:33Z","Bearish","$TSLA lets play a game called break 330. Yikes"
"2017-09-28T13:24:18Z","Bullish","$TSLA this is my friends the highest MANIPULATION I have witnessed in  7+ years  sponsored on a higher level by the thrives of WS/ Oil"
"2017-09-28T13:23:15Z","Bearish","$TSLA model 3 failure!!!"
"2017-09-28T13:21:50Z","Bullish","$TSLA pay attention how they&#39;re using the success of Model3 and turning it to what if it fails what if ! What happens to the share price ?"
"2017-09-28T13:19:44Z","Bullish","$TSLA Bernstein a sophisticated WS thief like $GS , Jefferies are all pushing the scare tactics into the investors so shares can crash 
SEC"
"2017-09-28T13:18:50Z","none","$TSLA at 9:30, can we have a moment of silence, Hugh Hefner is gone.."
"2017-09-28T13:17:44Z","none","$TSLA was not expecting this, closed out my 345 puts yesterday before close"
"2017-09-28T13:16:44Z","none","$TSLA why not let it drop, and get a better entry long ? I will go long once dust settles"
"2017-09-28T13:15:59Z","Bearish","$TSLA going down"
"2017-09-28T13:15:29Z","none","$TSLA going to try and close some puts on a puke then buy more on a smash."
"2017-09-28T13:14:19Z","none","$TSLA Giving GOOGL the benefit of the doubt. Reclaim of three supply zones is impressive."
"2017-09-28T13:13:33Z","none","$TSLA Any candle confirmed below the 338 candle could send this to 332. Swan dive setup."
"2017-09-28T13:12:42Z","Bullish","$TSLA this will end up green today ! 

STAY LONG AND IGNORE THESE FRAUD DUMSHORTS"
"2017-09-28T13:12:13Z","none","$TSLA  After the delay of the Semi Truck unveiling until Oct. there will be little to prop this up.  Ride down to ride back up end of nxt mo"
"2017-09-28T13:11:44Z","none","$TSLA looks like 320&#39;s today"
"2017-09-28T13:11:04Z","none","$TSLA under 300 today? a short&#39;s wet dream!.........."
"2017-09-28T13:10:27Z","Bullish","$TSLA DumShorts acting freely as they&#39;vewritten off their losses whenthis is facing the biggest fraud negative scare campaign sinc inception"
"2017-09-28T13:09:31Z","Bearish","$TSLA #Trading range today: 340.50 to 351.49. Above 351.49 Bullish, Below 340.50 Bearish. #Trade Smart #Techstock!"
"2017-09-28T13:08:22Z","none","$TSLA analysts on Estimize are expecting -357.60% YoY EPS growth for Q3, down from -25.47% in Q2 [Reporting 10/25 AMC]
http://www.estimize.com/intro/tsla?utm_content=TSLA&amp;amp;utm_medium=eps_update&amp;amp;utm_source=stocktwits#chart=historical"
"2017-09-28T13:08:13Z","none","Just another couple of hundred points down and $TSLA will approach a reasonable valuation #tesla #bubble #thebigshorr #noprofits #nocash"
"2017-09-28T13:07:20Z","none","$TSLA shares for $320? The dream üòçüòçüòç"
"2017-09-28T13:02:31Z","none","@mcpickett interesting. after 8/2 (day after earnings) to 8/8, why did $TSLA gain nearly 20% if this is a drop that happens every earnings"
"2017-09-28T13:01:44Z","none","Long Watches: $AAAP, $ZYNA, $HAIN, $ABT, $MNK, $CLDR, $BBRY! Short Watches: $ATHM, $MTN, $VERI, $TSLA, $ACN, $FOR, $ITCI, $ADM!"
"2017-09-28T13:01:03Z","Bullish","$AAPL $CMG $AMZN $DIS $TSLA better economy means higher consumer confidence means higher S&amp;P
Economy‚Äôs 2nd-quarter growth raised to 3.1%"
"2017-09-28T12:58:48Z","Bullish","$TSLA moment of truth will I stay or will I go"
"2017-09-28T12:58:24Z","Bullish","#mgti when POTUS refers to the ROCKET man, he really mans MGTI! $AAPL, $TSLA, $VZ, $T, $NKE, $BBRY, $AMAT"
"2017-09-28T12:57:00Z","none","$TSLA Bernstein warns that if the Model 3 doesn&#39;t do well, it would spark a panic among the ultra crowded Tesla b‚Ä¶ https://stocknews.com/news/tsla-bernstein-warns-of-investor-panic-if-tesla-inc-tsla-model/"
"2017-09-28T12:55:53Z","Bearish","$TSLA increasing market cap by 2000% before proving company is even profitable is insanity. So is going long at this share price."
"2017-09-28T12:51:50Z","Bearish","$TSLA stock went from $17 a share to $339 a share with 2 quarters in more than 10 where they didn&#39;t lose millions of dollars"
"2017-09-28T12:50:12Z","Bearish","$TSLA this falls before every ER because everyone knows they have a horrible balance sheet and P/E of 0"
"2017-09-28T12:49:34Z","Bearish","$TSLA Anyone who thinks that pump and dump is reason for drop is an idiot. Losing üí∞ and 0 updates on production is why it&#39;s headed down"
"2017-09-28T12:48:37Z","none","$TSLA this is for the coming pump pre ER"
"2017-09-28T12:48:06Z","Bullish","#mgti Bitcoin  up! SENTINEL any day now! Drum beat please...... $AAPL, $FB, $TSLA, $GBTC, $BTC.X"
"2017-09-28T12:47:40Z","none","$TSLA I think many would like to invest in Tesla but find the share price too high. At this point a stock split could not come soon enough !"
"2017-09-28T12:45:01Z","none","$TSLA what happened to my $400?"
"2017-09-28T12:43:42Z","Bullish","$TSLA another pump and dump waiting to happen"
"2017-09-28T12:41:08Z","none","$TSLA  getting close to S3 ~335... &amp; a potential bounce"
"2017-09-28T12:40:47Z","Bullish","$TSLA Usual Moves in Tesla World..But Patience is always rewarded with the best companies..One for next 10 years for sure!"
"2017-09-28T12:39:54Z","Bearish","$TSLA alright... I&#39;ll take my losses and get down with the dump!!üòû"
"2017-09-28T12:34:35Z","Bullish","$TSLA  China will set date for banning ICE probably 2040 &amp; California next. Tesla Gigafactory and Supercharger Network are priceless"
"2017-09-28T12:31:52Z","Bullish","$TSLA this is too bad ü§î"
"2017-09-28T12:27:37Z","Bearish","$TSLA 321 is our target."
"2017-09-28T12:27:34Z","none","$TSLA can we stomp the stupid out of this stock price?"
"2017-09-28T12:26:47Z","Bullish","$TSLA will be bidding @326.9, lets see if I can steal some shares"
"2017-09-28T12:24:22Z","none","$tsla https://mobile.nytimes.com/2017/09/28/us/california-today-talk-of-a-ban-on-non-electric-cars.html?action=click&amp;module=&amp;pgtype=Homepage"
"2017-09-28T12:22:23Z","none","$TSLA &quot;Going to 336 price point.&quot; Has to hold"
"2017-09-28T12:19:27Z","Bullish","$TSLA 314 a good price for call"
"2017-09-28T12:18:37Z","none","$TSLA loooooove the amount of Tesla trolls here"
"2017-09-28T12:18:25Z","Bearish","Good company just too bloated rn $TSLA"
"2017-09-28T12:17:34Z","Bearish","$TSLA as cool as the cars are Model 3 is going to flop"
"2017-09-28T12:16:19Z","Bearish","$TSLA whats going on? Why tsla treding down everyday"
"2017-09-28T12:13:34Z","none","Later $TSLA - back in your hole 
http://www.32trades.com/tsla/"
"2017-09-28T12:11:40Z","none","$TSLA 337.57... gap down time"
"2017-09-28T12:09:12Z","Bearish","$TSLA - anybody think this Can turn Positive + in Morning Trade at all ? Whats support / resistance early on? &amp; Any Bad-News out? Allison"
"2017-09-28T12:08:13Z","Bearish","$TSLA Hate when I wake up and I could of held my Puts."
"2017-09-28T12:03:40Z","none","$TSLA I may get assigned $AMZN and $TSLA after tomorrow. Rough week for me :("
"2017-09-28T12:03:00Z","Bearish","$TSLA the biggest threat imo to tesla is interest rates on bonds and debt"
"2017-09-28T12:01:21Z","none","$TSLA and it breaks 340 in PM"
"2017-09-28T11:56:42Z","none","$TSLA Or go drive any new car in same price range.  Just A Car"
"2017-09-28T11:56:17Z","Bullish","$TSLA I bought and sold Tsla at 380 level.Promptly I don&#39;t trust this value, company still need lot of money, no profit in sight, low m"
"2017-09-28T11:55:25Z","Bearish","$TSLA red with a green QQQ. What happens when QQQ is red? ü§î"
"2017-09-28T11:51:24Z","Bullish","$TSLA Reversal coming at 8:30 with good GDP numbers."
"2017-09-28T11:51:15Z","none","$TSLA wow üòå"
"2017-09-28T11:50:56Z","Bullish","$TSLA Go drive a TSLA and see why a lot of people invest in the company."
"2017-09-28T11:37:18Z","Bearish","$TSLA bye 340"
"2017-09-28T11:37:12Z","Bullish","$TSLA trapping more shorts"
"2017-09-28T11:31:55Z","none","$TSLA Whoaaaa what&#39;s going on here? Reality??"
"2017-09-28T11:29:29Z","none","$TSLA has a new daily low at $339."
"2017-09-28T11:24:22Z","Bullish","$BBRY The $DLPH deal is huge. More potential than $TSLA for sure.  $11!"
"2017-09-28T11:20:46Z","none","$TSLA 2B Top pattern"
"2017-09-28T11:18:54Z","Bearish","$TSLA will be at 325 soon"
"2017-09-28T10:52:32Z","Bullish","$TSLA No volume this morning. Should be an interesting day."
"2017-09-28T10:50:39Z","none","$TSLA selling has persisted. The bounces have been frustrating but so far all have been sold convincingly. Smash after smash gets sold."
"2017-09-28T10:06:23Z","none","$TSLA $GOOG $GOOGL https://www.reuters.com/article/us-autos-selfdriving/u-s-senators-announce-deal-on-self-driving-car-legislation-idUSKCN1C303X"
"2017-09-28T09:43:57Z","Bearish","$TSLA bought $320 Puts ."
"2017-09-28T09:33:14Z","none","$TSLA my preorder was expected in May. now it shows as available in jan-mar.  Clearly they are either on schedule https://i.imgur.com/iXh7Y0D.png"
"2017-09-28T09:32:36Z","Bullish","$TSLA all your bear dreams will end next week when the numbers are released. Ciao"
"2017-09-28T09:14:26Z","none","$TSLA üòè Close to pop to top, I know the Bears will run out of shares &amp; stop selling this stock.  $SPY"
"2017-09-28T09:07:18Z","none","$TSLA üòèWEEKLY MSP ALGO Money Flow (ALGOS ONLY) Looks like BARBEQUE- the money move sell algos in a grove #TSLA $SPY"
"2017-09-28T08:59:36Z","none","$TSLA MSP ALGO Money Flow still show drop, not ready to pop to top. M$&amp;^% sellers eventually will stop. Res $350/344 Support $338/333 #SPY"
"2017-09-28T08:42:53Z","none","$TSLA Gotta let these MM&#39;s Know we gonna make some dough w the  MSP ALGO Show. Patience is key as you can see https://www.youtube.com/watch?v=PEGccV-NOm8 $SPY"
"2017-09-28T08:22:50Z","none","$TSLA Thinking about entry at 320. Opinions?"
"2017-09-28T08:20:51Z","none","Estimize revenue expectations are 1.06% higher than that of Wall Street for $TSLA Q3 [Reporting 10/25 AMC]
http://www.estimize.com/intro/tsla?utm_content=TSLA&amp;amp;utm_medium=eps_update&amp;amp;utm_source=stocktwits#chart=historical"
"2017-09-28T08:10:01Z","none","$TSLA $GM $HMC $TM $F https://asia.nikkei.com/Business/Companies/Toyota-Mazda-Denso-creating-company-to-hasten-electric-car-development"
"2017-09-28T07:11:23Z","Bullish","$TSLA waiting on this to fall more before getting in, i dont think this is done falling yet"
"2017-09-28T06:48:59Z","Bullish","$TSLA this is undervalued. Their technology are robust."
"2017-09-28T06:35:51Z","Bullish","$TSLA wtf..going on with this stock..MM sucking all the bounce. But still I&#39;m bullish."
"2017-09-28T04:57:56Z","none","$TSLA potential bounce ??"
"2017-09-28T04:36:01Z","none","$TSLA I shorted / bought puts and sold calls !! Done so well that I might sell some puts tomorrow and reduce position this week"
"2017-09-28T04:33:03Z","none","$TSLA $SNAP $AMD $NVDA I am back folks‚Äî  Friday will be pay day ‚úåüèª"
"2017-09-28T04:29:37Z","none","$TSLA Ha Ha ‚Äî  I am about to back hereüòãüòãü§ó Wait for Model declaration üòç"
"2017-09-28T04:10:39Z","none","$TSLA"
"2017-09-28T04:10:39Z","Bullish","$TSLA Yes, it is THAT good. Great build quality on these videos https://streamable.com/n1pzv"
"2017-09-28T04:04:05Z","none","$TSLA undervalued lets ride."
"2017-09-28T03:57:07Z","none","$TSLA potential bounce zone...setting up for higher low on the weekly too"
"2017-09-28T03:20:19Z","none","Estimize EPS expectations are 17.11% higher than that of Wall Street for $TSLA Q3 [Reporting 10/25 AMC]
http://www.estimize.com/intro/tsla?utm_content=TSLA&amp;amp;utm_medium=eps_update&amp;amp;utm_source=stocktwits#chart=historical"
"2017-09-28T03:19:39Z","none","$TSLA something to be aware of.."
"2017-09-28T03:19:38Z","none","$TSLA Closed below 100D. If it doesn&#39;t bounce early it&#39;ll die @1simpletrader"
"2017-09-28T03:10:19Z","none","Thursday‚Äôs Watch Pt 2: $SPY $QQQ $NVDA $MU $TSLA $UVXY $NETE $VCEL $NFLX $THO $LITE $LRCX $V $WDC $MRNS $VERI ‚ò∫Ô∏èüòò"
"2017-09-28T02:52:36Z","none","$TSLA started a thread on Geely Auto $GELYY"
"2017-09-28T02:52:35Z","none","$TSLA rinse and repeat, the bonfire for the bears is nigh"
"2017-09-28T02:33:09Z","Bearish","$TSLA"
"2017-09-28T02:30:26Z","none","$TSLA Interesting. Toyota, Mazda, Denso to form electric vehicle JV http://www.reuters.com/article/us-toyota-electric-vehicles/toyota-mazda-denso-to-form-electric-vehicle-jv-nhk-idUSKCN1C3071?il=0"
"2017-09-28T02:27:11Z","Bearish","$TSLA chart forming very bearish setup"
"2017-09-28T02:16:45Z","none","$TSLA please block this spam"
"2017-09-28T02:15:55Z","Bearish","$TSLA enron musk"
"2017-09-28T02:01:26Z","none","$NVDA $TSLA Gotta love all the news coverage NVDA and Tesla get, Bought on weakness &amp; sold NVDA 2day.  TSLA still holding"
"2017-09-28T01:55:52Z","Bearish","$TSLA üí©"
"2017-09-28T01:53:40Z","none","$TSLA keep the stock above 270 so Elon can exercise his $1.4B of stock options.He needs to buy another house in Bel-air with your money."
"2017-09-28T01:53:24Z","none","$tsla watch the video spot on https://youtu.be/ITskjyB6N_w"
"2017-09-28T01:51:26Z","none","$TSLA me too!!!! ü§îüòÇüôèüôèüôèüôèüôèü§ëü§ë‚òùÔ∏èüëëüëëüëëüëëüëëüëë"
"2017-09-28T01:42:16Z","none","$TSLA  Broke 100MA support and Fibonacci (0.5) at 345. If no Gap-up tomorrow  Next Fibonacci at 335. ( most likely scenario )"
"2017-09-28T01:39:30Z","none","@BringTheVolume  MM wants this lower. Like $TSLA"
"2017-09-28T01:37:03Z","Bullish","looking for a stock thats gonna bounce off bottom. Have some money freed up! Any advice? $AUPH $TSLA $ROX $STUDY"
"2017-09-28T01:29:56Z","none","$TSLA tommorow will be an interesting day, for it if keeps going lower I think it confirms a downtrend"
"2017-09-28T01:29:38Z","Bullish","Very fugly day for $TSLA but i&#39;m hanging on"
"2017-09-28T01:26:15Z","none","$BAC $MU $AAPL $C $FB $TMUS $NKE $BABA $NVDA $TSLA $AMZN $GE $AMD $JPM $RAD $T $CSCO $AMAT -9/27 Most active options"
"2017-09-28T01:25:15Z","none","$TSLA   New extra facts    https://youtu.be/-NxOCii7wH0"
"2017-09-28T01:20:56Z","Bullish","$TSLA if you look close enough you&#39;ll see the old America!"
"2017-09-28T01:16:03Z","none","$TSLA I will be posting a version 2 to this plan to expand on more key facts that I want to mention on this strong focus stock"
"2017-09-28T01:14:33Z","none","$TSLA I LOVE my 85S, my favorite car.  Love to drive it.  I&#39;m a BEAR on the stock though. Production risks and accounting questions."
"2017-09-28T01:12:10Z","none","$TSLA So was this the only stock down today?"
"2017-09-28T01:10:18Z","Bearish","Tesla (NASDAQ:TSLA) Will Not Survive it $10.6-B &#39;Cash Burn&#39;

$TSLA  http://www.livetradingnews.com/tesla-nasdaqtsla-will-not-survive-10-6-b-cash-burn-55879.html#.WcxL7GiPKM8"
"2017-09-28T01:09:14Z","Bearish","$TSLA after watching that you tube on tesla I am convinced musk has huge quality issues with m3"
"2017-09-28T01:08:39Z","Bullish","$TSLA for all those asking about tesla&#39;s powerwall! Leading the pack once again!"
"2017-09-28T00:55:00Z","none","S&amp;P 500 May Rise To 2,600, Tesla Could Target $400 https://mottcapitalmanagement.com/sp-500-may-rise-2600tesla-target-400/ $SPY $SPX $SPYG $TSLA $NDX $RUT $IWM $SPYV $IWO"
"2017-09-28T00:51:47Z","none","$TSLA one of my dad&#39;s prized shorts. Many of Swiss banks are shorting this unrealistic dream."
"2017-09-28T00:44:47Z","none","$TSLA when is tesla releasing quarterly sales numbers?"
"2017-09-28T00:43:23Z","none","$TSLA looks like typo missing a dot after $3"
"2017-09-28T00:42:24Z","Bullish","$TSLA will have 10,000 superchargers &amp; 15,000 destination chargers by the EOY! if you think tsla lacks infra. What about VW, BMW, F, GM....?"
"2017-09-28T00:40:37Z","Bullish","$TSLA this can&#39;t go down forever üòå"
"2017-09-28T00:39:21Z","none","$TSLA not selling until it hits 385"
"2017-09-28T00:38:42Z","Bearish","$TSLA is $300 coming ?"
"2017-09-28T00:37:18Z","none","Microsoft CEO on Elon Musk&#39;s AI Fears: AI Could Be Humanity&#39;s Greatest Invention $TSLA http://dlvr.it/PqwNgs"
"2017-09-28T00:36:47Z","none","$TSLA Review of 14 Problems from the 2nd Service Visit! 3rd Visit Coming. https://www.youtube.com/watch?v=0Hkfg9XGtDI"
"2017-09-28T00:29:50Z","none","$FMC, $ALB, $SQM, $TSLA - Lithium, Fuelling the New Millennium  http://crweworld.com/newsroom/prnewswire?rkey=20170927enUK201709275925&amp;filter=10284"
"2017-09-28T00:18:04Z","Bullish","$TSLA M3 is important &amp; GS already said its on schedule but even more important is Gigafactory that is the goose that lays the golden battry"
"2017-09-28T00:14:30Z","none","@mymuhsi I cannot wait for yellen to raise rates. Then we shall see who is swimming naked ESPECIALLY $TSLA"
"2017-09-28T00:11:57Z","none","$TSLA tsla. tsla"
"2017-09-28T00:11:52Z","Bullish","$AMD Ok. Confused.  Street article talks about the $TSLA deal as if it&#39;s done.   http://www.thestreet.com/story/14322540/1/"
"2017-09-28T00:09:42Z","none","I analyzed $IWM $QQQ $TSLA and much more in my video market recap from earlier: http://marketchess.com/2017/09/27/stock-market-recap-09-27-17-video $SMH $SPY #stocks"
"2017-09-28T00:01:45Z","Bearish","$TSLA quality problems; would you expect this with a $120,000 car? https://www.youtube.com/watch?v=bAWq2HE9wmU"
